{"stats":{"minecraft:mined":{"minecraft:oak_leaves":2},"minecraft:custom":{"minecraft:time_since_rest":38353,"minecraft:open_chest":10,"minecraft:crouch_one_cm":1393,"minecraft:play_time":38353,"minecraft:sprint_one_cm":8718,"minecraft:damage_taken":100,"minecraft:walk_one_cm":71950,"minecraft:sneak_time":383,"minecraft:drop":71,"minecraft:jump":185,"minecraft:damage_dealt":25,"minecraft:leave_game":1,"minecraft:time_since_death":38353,"minecraft:walk_on_water_one_cm":76,"minecraft:total_world_time":38353,"minecraft:fall_one_cm":5734,"minecraft:fly_one_cm":13227},"minecraft:picked_up":{"minecraft:apple":2,"ftbquests:book":1,"minecraft:bone_meal":2,"supplementaries:flax_seeds":2,"minecraft:oak_sapling":1,"supplementaries:flax":1},"minecraft:dropped":{"minecraft:bone_meal":66,"minecraft:apple":3,"ftbquests:book":1,"minecraft:oak_sapling":1}},"DataVersion":3120}