{"stats":{"minecraft:mined":{"minecraft:white_bed":1,"ftbskies:dust":1,"plonk:placed_items":1,"ftbquests:screen_1":1,"create:belt":4,"create:shaft":1,"minecraft:furnace":1,"supplementaries:flax":13,"functionalstorage:oak_4":2,"supplementaries:stick":1,"minecraft:stone":10,"botania:dry_grass":57,"cyclic:hopper":1,"ars_nouveau:light_block":1,"minecraft:oak_fence":3,"minecraft:chest":2,"create:water_wheel":1,"minecraft:cobblestone":7,"minecraft:oak_planks":1,"minecraft:sugar_cane":28,"craftingstation:crafting_station":1,"botania:vivid_grass":217,"minecraft:seagrass":1,"create:water_wheel_structure":1,"create:andesite_belt_funnel":1,"createsifter:sifter":2,"minecraft:stripped_oak_wood":5,"minecraft:grass":1,"create:hand_crank":2,"minecraft:gravel":2,"minecraft:sand":28,"minecraft:dirt":1,"create:andesite_funnel":1},"minecraft:custom":{"minecraft:mob_kills":50,"minecraft:inspect_hopper":13,"minecraft:open_barrel":69,"minecraft:damage_dealt_resisted":172,"minecraft:leave_game":1,"minecraft:time_since_death":56019,"minecraft:climb_one_cm":69,"minecraft:sprint_one_cm":134778,"minecraft:walk_one_cm":398457,"minecraft:drop":55,"minecraft:talked_to_villager":5,"minecraft:play_time":206072,"minecraft:deaths":2,"minecraft:sneak_time":4890,"minecraft:walk_under_water_one_cm":8637,"minecraft:jump":1754,"minecraft:walk_on_water_one_cm":7477,"minecraft:total_world_time":206072,"minecraft:interact_with_furnace":94,"minecraft:traded_with_villager":2,"minecraft:sleep_in_bed":2,"minecraft:time_since_rest":15661,"minecraft:damage_taken":740,"minecraft:damage_absorbed":50,"minecraft:damage_dealt":5578,"minecraft:swim_one_cm":2931,"minecraft:fly_one_cm":246196,"minecraft:open_chest":371,"minecraft:crouch_one_cm":12211,"minecraft:aviate_one_cm":34080,"minecraft:fall_one_cm":39543},"minecraft:picked_up":{"minecraft:chicken":9,"thermal:raw_silver":5,"ftbsba:stone_rod":1,"ars_nouveau:starby_gift":4,"ars_nouveau:warp_scroll":3,"minecraft:potion":3,"botania:dry_grass":42,"functionalstorage:configuration_tool":1,"ars_nouveau:amplify_arrow":20,"minecraft:raw_copper":15,"craftingstation:crafting_station":1,"thermal:raw_nickel":13,"functionalstorage:oak_4":6,"create:andesite_funnel":3,"create:water_wheel":1,"botania:vivid_grass":182,"minecraft:gold_nugget":4,"energeticsheep:gray_energetic_wool":1,"minecraft:bucket":2,"ars_nouveau:starbuncle_shards":1,"ftbquests:screen_1":1,"minecraft:beef":13,"minecraft:light_gray_wool":1,"minecraft:sugar_cane":45,"minecraft:chest":2,"minecraft:furnace":1,"minecraft:egg":6,"minecraft:stick":9,"minecraft:raw_iron":26,"energeticsheep:lime_energetic_wool":2,"ftbskies:dust":8,"minecraft:oak_fence":3,"thermal:raw_lead":8,"minecraft:porkchop":6,"ars_nouveau:split_arrow":30,"create:hand_crank":3,"supplementaries:flax":9,"elementalcraft:earth_shard":2,"minecraft:arrow":2,"minecraft:rotten_flesh":1,"cyclic:hopper":1,"minecraft:mutton":14,"minecraft:white_wool":4,"minecraft:cobblestone":16,"minecraft:feather":10,"minecraft:leather":22,"ars_nouveau:source_berry":5,"ars_nouveau:wilden_wing":2,"functionalstorage:copper_upgrade":4,"create:belt_connector":4,"minecraft:flint":1,"create:raw_zinc":16,"supplementaries:flax_seeds":25,"minecraft:lapis_lazuli":7,"minecraft:dirt":57,"minecraft:bone":3,"minecraft:apple":2,"pedestals:tool_linkingtool":1,"ars_nouveau:source_gem":5,"ftbquests:book":1,"minecraft:iron_ingot":3,"everlastingabilities:ability_totem":2,"create:shaft":5,"minecraft:stripped_oak_wood":5,"minecraft:oak_planks":1,"energeticsheep:light_gray_energetic_wool":3,"energeticsheep:red_energetic_wool":2,"hexerei:animal_fat":8,"thermal:raw_tin":10,"create:large_water_wheel":1,"minecraft:gravel":2,"ftbskies:rock":399,"minecraft:sand":29,"minecraft:white_bed":1,"ftbskies:soil":138,"energeticsheep:magenta_energetic_wool":1,"mekanism:raw_osmium":10,"createsifter:string_mesh":2,"ars_nouveau:wilden_horn":8,"minecraft:oak_wood":64,"energeticsheep:pink_energetic_wool":2,"minecraft:diamond":1,"minecraft:lever":1,"pedestals:tool_upgradetool":1,"createsifter:sifter":2,"minecraft:coal":2},"minecraft:dropped":{"ftbsba:iron_auto_hammer":3,"integrateddynamics:squeezer":1,"minecraft:elytra":1,"minecraft:coal":2,"minecraft:flint":1,"pedestals:tool_upgradetool":1,"ftbskies:dust":9,"minecraft:gold_nugget":4,"mekanism:basic_fluid_tank":1,"minecraft:sand":8,"minecraft:bucket":2,"energeticsheep:pink_energetic_wool":1,"minecraft:gravel":4,"minecraft:lever":1,"pedestals:upgrade_pedestal_cobblegen":5,"pedestals:upgrade_pedestal_export":4,"functionalstorage:oak_4":4,"ftbsba:stone_hammer":1,"pedestals:block_pedestal":8,"functionalstorage:configuration_tool":1,"hexerei:flowering_lily_pad":1,"pedestals:tool_linkingtool":2,"functionalstorage:copper_upgrade":4},"minecraft:crafted":{"ftbskies:wooden_gear":1,"minecraft:oak_planks":67,"ftbquests:screen_1":1,"minecraft:beehive":1,"pedestals:upgrade_pedestal_import":3,"pedestals:upgrade_pedestal_cobblegen":5,"minecraft:furnace":1,"minecraft:stone_button":1,"minecraft:stone":97,"minecraft:bone_meal":1,"minecraft:bookshelf":1,"minecraft:cooked_mutton":14,"minecraft:glass":2,"minecraft:hopper":4,"pedestals:upgrade_pedestal_base":8,"minecraft:iron_axe":1,"minecraft:chest":15,"minecraft:oak_button":1,"minecraft:oak_fence":24,"minecraft:sugar":3,"integrateddynamics:squeezer":1,"create:hand_crank":1,"minecraft:spruce_planks":6,"minecraft:wooden_pickaxe":1,"functionalstorage:oak_4":4,"minecraft:iron_sword":1,"minecraft:bucket":1,"minecraft:glowstone":1,"pedestals:upgrade_pedestal_export":3,"ftbsba:iron_hammer":1,"minecraft:air":313,"createsifter:string_mesh":1,"createsifter:sifter":1,"minecraft:string":4,"minecraft:book":4,"minecraft:paper":33,"minecraft:cobblestone":99,"minecraft:charcoal":19,"minecraft:gold_nugget":1,"ftbsba:stone_rod":6,"ftbsba:iron_auto_hammer":1,"minecraft:stick":56,"minecraft:stone_slab":18,"minecraft:iron_ingot":170,"minecraft:iron_pickaxe":1,"ftbsba:stone_hammer":1,"minecraft:iron_block":1,"minecraft:gold_ingot":22,"minecraft:white_bed":1,"pedestals:block_pedestal":9,"createsifter:andesite_mesh":2,"minecraft:elytra":2,"minecraft:torch":1,"thermal:tin_ingot":8,"minecraft:shears":1},"minecraft:broken":{"minecraft:wooden_pickaxe":1},"minecraft:killed":{"minecraft:skeleton":2,"minecraft:horse":3,"minecraft:chicken":10,"energeticsheep:energetic_sheep":5,"minecraft:pig":3,"minecraft:frog":1,"minecraft:sheep":4,"minecraft:zombie":1,"minecraft:donkey":4,"ars_nouveau:whirlisprig":2,"forcecraft:cold_cow":4,"minecraft:cow":4},"minecraft:killed_by":{"minecraft:enderman":2},"minecraft:used":{"minecraft:oak_fence":27,"ftbskies:dust":1,"pedestals:block_pedestal":2,"minecraft:chest":11,"minecraft:iron_sword":112,"simpletomb:grave_key":2,"minecraft:bee_spawn_egg":1,"minecraft:stick":1,"minecraft:torch":4,"minecraft:dirt":32,"plonk:placed_items":1,"minecraft:hopper":1,"minecraft:oak_wood":5,"minecraft:beehive":1,"minecraft:bookshelf":2,"minecraft:iron_axe":11,"minecraft:barrel":1,"create:andesite_funnel":3,"botania:vivid_grass":80,"create:shaft":4,"minecraft:furnace":2,"ftbquests:screen_1":3,"minecraft:egg":5,"mob_grinding_utils:golden_egg":8,"create:belt_connector":9,"minecraft:cooked_mutton":3,"minecraft:oak_planks":1,"minecraft:wooden_pickaxe":40,"minecraft:sugar_cane":13,"nethersdelight:hoglin_ear":2,"minecraft:golden_apple":1,"minecraft:sand":11,"minecraft:campfire":1,"minecraft:white_bed":2,"cyclic:hopper":5,"farmersdelight:bacon_and_eggs":1,"minecraft:apple":7,"minecraft:firework_rocket":1,"functionalstorage:oak_4":2,"craftingstation:crafting_station":1,"statues:marshmallow_golden":1,"minecraft:iron_pickaxe":10,"create:water_wheel":1,"minecraft:gravel":2,"create:large_water_wheel":1,"createsifter:sifter":7,"supplementaries:flax_seeds":13,"minecraft:cooked_porkchop":2,"chipped:gilded_barrel":1,"minecraft:bucket":6,"create:hand_crank":4,"ae2:certus_quartz_shovel":225}},"DataVersion":3120}