{"stats":{"minecraft:mined":{"pedestals:block_pedestal":5,"minecraft:oak_sapling":1,"minecraft:dark_oak_leaves":71,"create:andesite_casing":8,"minecraft:lever":1,"minecraft:spruce_trapdoor":2,"create:large_cogwheel":4,"minecraft:hopper":1,"create:belt":2,"minecraft:kelp":6,"minecraft:sandstone":1,"create:shaft":11,"minecraft:oak_trapdoor":24,"supplementaries:flax":10,"mekanism:basic_fluid_tank":1,"create:gearshift":4,"minecraft:stone":12,"botania:dry_grass":31,"cyclic:hopper":13,"create:cogwheel":2,"minecraft:kelp_plant":17,"minecraft:oak_fence":1,"minecraft:oak_wood":192,"minecraft:chest":6,"create:water_wheel":3,"minecraft:cobblestone":208,"minecraft:sugar_cane":17,"botania:vivid_grass":39,"craftingstation:crafting_station":1,"create:water_wheel_structure":1,"create:large_water_wheel":1,"create:andesite_belt_funnel":3,"createsifter:sifter":10,"minecraft:coarse_dirt":13,"create:gearbox":1,"minecraft:spruce_log":6,"minecraft:birch_leaves":59,"minecraft:stripped_oak_wood":4,"minecraft:oak_log":27,"minecraft:gravel":87,"minecraft:sand":28,"minecraft:dirt":9,"ftbsba:iron_auto_hammer":1,"create:andesite_funnel":5,"minecraft:oak_leaves":77},"minecraft:custom":{"minecraft:mob_kills":1,"minecraft:inspect_hopper":1,"minecraft:open_barrel":17,"minecraft:damage_dealt_resisted":43,"minecraft:leave_game":1,"minecraft:time_since_death":56542,"minecraft:climb_one_cm":552,"minecraft:sprint_one_cm":74646,"minecraft:walk_one_cm":647022,"minecraft:drop":59,"minecraft:talked_to_villager":3,"minecraft:play_time":213815,"minecraft:deaths":1,"minecraft:sneak_time":5153,"minecraft:walk_under_water_one_cm":13619,"minecraft:jump":782,"minecraft:walk_on_water_one_cm":9400,"minecraft:total_world_time":213815,"minecraft:interact_with_furnace":23,"minecraft:tune_noteblock":3,"minecraft:time_since_rest":56585,"minecraft:damage_taken":355,"minecraft:damage_dealt":544,"minecraft:use_wand":131,"minecraft:fly_one_cm":46824,"minecraft:open_chest":239,"minecraft:crouch_one_cm":6631,"minecraft:aviate_one_cm":3776,"minecraft:fall_one_cm":3172},"minecraft:picked_up":{"minecraft:cocoa_beans":1,"minecraft:coarse_dirt":13,"minecraft:ladder":3,"thermal:raw_silver":1,"ars_nouveau:starby_gift":3,"rootsclassic:elderberry":3,"functionalstorage:configuration_tool":1,"minecraft:oak_trapdoor":24,"minecraft:elytra":1,"minecraft:raw_copper":2,"craftingstation:crafting_station":1,"functionalstorage:oak_4":8,"create:andesite_funnel":6,"create:water_wheel":2,"minecraft:gold_nugget":6,"minecraft:bucket":2,"ars_nouveau:starbuncle_shards":13,"minecraft:iron_nugget":4,"minecraft:sugar_cane":22,"minecraft:chest":7,"minecraft:birch_sapling":1,"minecraft:spruce_trapdoor":2,"minecraft:egg":4,"minecraft:sandstone":1,"minecraft:spruce_pressure_plate":2,"minecraft:dark_oak_sapling":1,"minecraft:stick":5,"minecraft:raw_iron":2,"rootsclassic:whitecurrant":2,"ftbskies:dust":25,"minecraft:oak_fence":1,"thermal:raw_lead":1,"create:andesite_casing":8,"createsifter:andesite_mesh":8,"create:hand_crank":2,"supplementaries:flax":10,"create:large_cogwheel":4,"thermal:apatite":7,"botania:white_mystical_flower":1,"ars_nouveau:whirlisprig_shards":1,"mekanism:basic_fluid_tank":2,"cyclic:hopper":13,"minecraft:rail":6,"minecraft:blaze_powder":2,"minecraft:cobblestone":20,"pedestals:upgrade_pedestal_export":5,"ftbsba:stone_hammer":1,"minecraft:leather":2,"functionalstorage:copper_upgrade":4,"create:belt_connector":2,"minecraft:flint":51,"create:raw_zinc":6,"minecraft:oak_log":27,"supplementaries:flax_seeds":23,"minecraft:dirt":89,"pedestals:block_pedestal":13,"hexerei:flowering_lily_pad":1,"minecraft:apple":2,"minecraft:kelp":45,"pedestals:tool_linkingtool":2,"minecraft:raw_gold":6,"create:shaft":13,"minecraft:stripped_oak_wood":4,"minecraft:glowstone_dust":1,"pedestals:upgrade_pedestal_cobblegen":7,"ftbsba:iron_auto_hammer":4,"create:gearshift":4,"create:large_water_wheel":2,"minecraft:oak_slab":5,"thermal:raw_tin":2,"tetra:rack":1,"create:cogwheel":2,"ftbskies:rock":429,"minecraft:gravel":392,"minecraft:sand":89,"integrateddynamics:squeezer":1,"minecraft:spruce_log":6,"ftbskies:soil":152,"createsifter:string_mesh":1,"mekanism:raw_osmium":3,"create:gearbox":1,"minecraft:oak_wood":184,"minecraft:lever":3,"pedestals:tool_upgradetool":1,"minecraft:bone_meal":64,"createsifter:sifter":10,"minecraft:spruce_sign":4,"minecraft:oak_sapling":2,"minecraft:brown_banner":4,"minecraft:coal":6,"minecraft:hopper":1},"minecraft:dropped":{"minecraft:spruce_sign":4,"minecraft:iron_ingot":3,"minecraft:oak_slab":5,"minecraft:cobblestone":4,"minecraft:apple":2,"minecraft:brown_banner":4,"minecraft:rail":6,"minecraft:stick":8,"minecraft:dirt":51,"ftbskies:dust":8,"minecraft:gold_nugget":15,"tetra:rack":1,"minecraft:sand":7,"minecraft:bucket":2,"ars_nouveau:starby_gift":3,"minecraft:oak_trapdoor":24,"minecraft:coarse_dirt":4,"pedestals:upgrade_pedestal_cobblegen":1,"ftbskies:rock":1,"minecraft:raw_iron":1,"functionalstorage:oak_4":8,"minecraft:spruce_trapdoor":2,"minecraft:oak_wood":64,"ftbsba:stone_rod":1,"minecraft:spruce_pressure_plate":2,"minecraft:ladder":3,"functionalstorage:configuration_tool":1,"functionalstorage:copper_upgrade":4},"minecraft:crafted":{"minecraft:oak_planks":143,"minecraft:stone_shovel":1,"minecraft:furnace":1,"minecraft:stone":5,"minecraft:lever":1,"create:vertical_gearbox":2,"create:andesite_funnel":4,"create:millstone":4,"minecraft:stone_pickaxe":1,"minecraft:chest":5,"minecraft:oak_button":1,"minecraft:chiseled_sandstone":1,"minecraft:lead":1,"create:cogwheel":17,"create:belt_connector":5,"minecraft:oak_slab":12,"create:andesite_alloy":16,"minecraft:crafting_table":2,"minecraft:dried_kelp":36,"minecraft:wooden_pickaxe":1,"create:large_water_wheel":1,"minecraft:sandstone_slab":6,"craftingstation:crafting_station":2,"minecraft:dirt":4,"create:gearshift":1,"minecraft:stone_axe":1,"minecraft:air":174,"create:gearbox":3,"minecraft:book":2,"minecraft:paper":6,"createsifter:string_mesh":4,"minecraft:string":10,"minecraft:cobblestone":107,"minecraft:wooden_hoe":1,"minecraft:charcoal":3,"create:water_wheel":1,"minecraft:gold_nugget":1,"ftbsba:stone_rod":10,"constructionwand:stone_wand":1,"minecraft:stick":66,"minecraft:wooden_axe":1,"ftbsba:stone_hammer":3,"minecraft:sandstone":3,"minecraft:gold_ingot":1,"create:large_cogwheel":2,"createsifter:andesite_mesh":2,"minecraft:andesite":2,"create:shaft":17,"minecraft:composter":1},"minecraft:broken":{"constructionwand:stone_wand":1,"minecraft:wooden_pickaxe":1,"minecraft:wooden_axe":1,"ftbsba:stone_hammer":2},"minecraft:killed":{"ars_nouveau:drygmy":1},"minecraft:killed_by":{"minecraft:enderman":1},"minecraft:used":{"minecraft:oak_fence":1,"minecraft:stone_shovel":9,"pedestals:block_pedestal":11,"mekanism:basic_fluid_tank":2,"minecraft:chest":11,"minecraft:stone":1,"simpletomb:grave_key":1,"minecraft:dirt":66,"create:cogwheel":5,"minecraft:oak_wood":18,"integrateddynamics:squeezer":1,"minecraft:wooden_axe":59,"minecraft:lava_bucket":1,"create:gearbox":2,"ftbsba:stone_hammer":310,"create:andesite_funnel":11,"ftbsba:iron_auto_hammer":2,"create:shaft":25,"minecraft:furnace":1,"minecraft:oak_sapling":2,"minecraft:egg":1,"create:belt_connector":14,"create:gearshift":4,"minecraft:water_bucket":15,"minecraft:stone_pickaxe":18,"minecraft:wooden_pickaxe":58,"minecraft:sandstone":1,"minecraft:sugar_cane":10,"minecraft:sand":28,"constructionwand:stone_wand":18,"cyclic:hopper":12,"minecraft:lever":3,"minecraft:wooden_hoe":9,"minecraft:apple":7,"minecraft:chiseled_sandstone":1,"craftingstation:crafting_station":3,"minecraft:oak_button":1,"create:water_wheel":4,"minecraft:gravel":89,"create:large_water_wheel":3,"createsifter:sifter":9,"supplementaries:flax_seeds":15,"minecraft:stone_axe":94,"minecraft:cobblestone":200,"minecraft:stripped_oak_wood":4,"chipped:gilded_barrel":1,"minecraft:bucket":16,"create:hand_crank":1,"create:vertical_gearbox":1,"minecraft:coarse_dirt":9,"minecraft:kelp":7,"minecraft:bone_meal":12,"create:large_cogwheel":6}},"DataVersion":3120}